Workbook

Sheet Partic
A1: CEDULA | B1: APELLIDO | C1: NOMBRE | D1: 45908 | E1: 45910 | F1: 45917 | G1: 45922 | H1: 45924 | I1: 45929 | J1: 45938 | K1: 45945 | L1: 45952 | M1: 45957 | N1: 45959 | O1: 45964 | P1: 45971 | Q1: 45973 | R1: 45978 | S1: Total
A2: 29678921 | B2: Alonso | C2: Cesar | D2: 1 | F2: 1 | G2: 1 | H2: 1 | L2: 1 | N2: 2 | Q2: 1 | R2: 1 | S2: =SUM(D2:R2)/COUNTA(D$1:R$1) -> 0.6 | T2: 1
A3: 31377471 | B3: Alonso | C3: Daniel | D3: 1 | G3: 2 | H3: 1 | I3: 2 | K3: 1 | O3: 4 | P3: 1 | Q3: 1 | S3: =SUM(D3:R3)/COUNTA(D$1:R$1) -> 0.86666667 | T3: 2
A4: 30906297 | B4: Araujo | C4: Samuel | E4: 1 | G4: 1 | I4: 3 | J4: 1 | L4: 1 | M4: 1 | N4: 2 | O4: 1 | Q4: 1 | R4: 3 | S4: =SUM(D4:R4)/COUNTA(D$1:R$1) -> 1 | T4: 3
A5: 31985434 | B5: Barriola | C5: Antonio | D5: 1 | Q5: 1 | S5: =SUM(D5:R5)/COUNTA(D$1:R$1) -> 0.13333333 | T5: 4
A6: 30497006 | B6: Barroso | C6: Gustavo | D6: 1 | F6: 1 | G6: 1 | M6: 3 | Q6: 1 | R6: 2 | S6: =SUM(D6:R6)/COUNTA(D$1:R$1) -> 0.6 | T6: 5
A7: 32535152 | B7: Becerra | C7: Oscar | D7: 1 | E7: 1 | S7: =SUM(D7:R7)/COUNTA(D$1:R$1) -> 0.13333333 | T7: 6
A8: 30538925 | B8: Blanco | C8: Juan | D8: 2 | E8: 1 | I8: 1 | J8: 1 | L8: 1 | M8: 1 | N8: 1 | O8: 3 | S8: =SUM(D8:R8)/COUNTA(D$1:R$1) -> 0.73333333 | T8: 7
A9: 29947837 | B9: Carnevali | C9: María | D9: 1 | S9: =SUM(D9:R9)/COUNTA(D$1:R$1) -> 0.066666667 | T9: 8
A10: 31307883 | B10: Coll | C10: Juan | D10: 1 | E10: 2 | G10: 1 | I10: 3 | L10: 1 | M10: 1 | O10: 1 | P10: 1 | R10: 1 | S10: =SUM(D10:R10)/COUNTA(D$1:R$1) -> 0.8 | T10: 9
A11: 31873852 | B11: Ghazal El Bar | C11: Jose | D11: 1 | F11: 1 | I11: 3 | S11: =SUM(D11:R11)/COUNTA(D$1:R$1) -> 0.33333333 | T11: 10
A12: 32515298 | B12: Gonzalez | C12: Jose | D12: 1 | S12: =SUM(D12:R12)/COUNTA(D$1:R$1) -> 0.066666667 | T12: 11
A13: 31373493 | B13: Lara | C13: Diego | E13: 1 | S13: =SUM(D13:R13)/COUNTA(D$1:R$1) -> 0.066666667 | T13: 12
A14: 32347981 | B14: Medina | C14: Víctor | D14: 1 | S14: =SUM(D14:R14)/COUNTA(D$1:R$1) -> 0.066666667 | T14: 13
A15: 32502105 | B15: Navarro | C15: Jesus | D15: 1 | M15: 2 | P15: 3 | Q15: 2 | S15: =SUM(D15:R15)/COUNTA(D$1:R$1) -> 0.53333333 | T15: 14
A16: 28318117 | B16: Ojeda | C16: Rafael | D16: 1 | R16: 1 | S16: =SUM(D16:R16)/COUNTA(D$1:R$1) -> 0.13333333 | T16: 15
A17: 30346514 | B17: Ordaz | C17: Javier | D17: 1 | G17: 1 | H17: 1 | R17: 1 | S17: =SUM(D17:R17)/COUNTA(D$1:R$1) -> 0.26666667 | T17: 16
A18: 32124905 | B18: Quintero | C18: Jose | D18: 1 | S18: =SUM(D18:R18)/COUNTA(D$1:R$1) -> 0.066666667 | T18: 17
A19: 32397222 | B19: Rodrigues | C19: Luis | D19: 1 | E19: 1 | S19: =SUM(D19:R19)/COUNTA(D$1:R$1) -> 0.13333333 | T19: 18
A20: 30156914 | B20: Rodriguez | C20: Diego | S20: =SUM(D20:R20)/COUNTA(D$1:R$1) -> 0 | T20: 19
A21: 32333927 | B21: Rojas | C21: Juan | D21: 1 | E21: 2 | G21: 2 | P21: 3 | Q21: 2 | S21: =SUM(D21:R21)/COUNTA(D$1:R$1) -> 0.66666667 | T21: 20
A22: 27714378 | B22: Santaella | C22: Willian | D22: 1 | S22: =SUM(D22:R22)/COUNTA(D$1:R$1) -> 0.066666667 | T22: 21
A23: 29662246 | B23: Sierra | C23: Maria | S23: =SUM(D23:R23)/COUNTA(D$1:R$1) -> 0 | T23: 22
A24: 31623260 | B24: Solorzano | C24: Valeria | D24: 1 | E24: 1 | G24: 2 | H24: 1 | L24: 1 | R24: 1 | S24: =SUM(D24:R24)/COUNTA(D$1:R$1) -> 0.46666667 | T24: 23
A25: 32080790 | B25: Sulbaran | C25: Abraham | D25: 1 | S25: =SUM(D25:R25)/COUNTA(D$1:R$1) -> 0.066666667 | T25: 24
A26: 29678946 | B26: Toscano | C26: Sebastian | S26: =SUM(D26:R26)/COUNTA(D$1:R$1) -> 0 | T26: 25
A27: 34202891 | B27: Valero | C27: Reinaldo | D27: 1 | S27: =SUM(D27:R27)/COUNTA(D$1:R$1) -> 0.066666667 | T27: 26
A28: 31707262 | B28: Vergel | C28: Samuel | D28: 1 | S28: =SUM(D28:R28)/COUNTA(D$1:R$1) -> 0.066666667 | T28: 27
D29: =SUM(D2:D28) -> 23 | E29: =SUM(E2:E28) -> 10 | F29: =SUM(F2:F28) -> 3 | G29: =SUM(G2:G28) -> 11 | H29: =SUM(H2:H28) -> 4 | I29: =SUM(I2:I28) -> 12 | J29: =SUM(J2:J28) -> 2 | K29: =SUM(K2:K28) -> 1 | ... R29: =SUM(R2:R28) -> 10 | S29: =AVERAGE(S2:S28) -> 0.2962963 | T29: 28

Sheet Total
A1: Nombre(s) | B1: Apellido(s) | C1: Número de ID | D1: Examen Parcial I | E1: Examen Parcial II | F1: Quiz 1 de programación | G1: Quiz 2 de programación (sec 1) | H1: Total Quizzes de programación | I1: Quiz 1 de Evaluación Continua - Bases conceptuales | J1: Dinámica de la clase 2 - Expresiones y asignaciones | K1: Quiz Prepa sem 1 - Expresiones y asignaciones | L1: Dinámica clase 3 - Estructuras de Decisión | M1: Dinámica clase 4 - Estructuras de Repetición | N1: Quiz prepa sem 2 - Estructuras de Repetición | O1: Dinámica clase 5 - Manejo de Arreglos | P1: Quiz prepa sem 3 - Manejo de Arreglos | Q1: Quiz 6 de Evaluación Continua - Diccionarios | R1: Quiz 7 de Evaluación Continua - Pase de parámetros | S1: Actividad de Repaso (sec 1 y 5) | T1: Quiz 8 de Evaluación Continua - Introducción a la POO | U1: Dinámica clase 9 - Encapsulamiento | V1: Quiz prepa sem 6 - Encapsulamiento | W1: Quiz 10 de Evaluación Continua - Diagrama de Clases | X1: Quiz 11 de Evaluación Continua - Entrada de datos | Y1: Dinámica clase 12 - Recursividad | Z1: Quiz prepa sem 8 - Recursividad | AA1: Dinámica clase 13 - Ordenamiento | AB1: Quiz 14 de Evaluación Contínua - Búsqueda | AC1: Quiz 15 de Evaluación Contínua - Complejidad | AD1: Total Evaluación Continua | AE1: Proyecto | AF1: Bono Quiz 1 de programación | AG1: Bono Quiz 2 de programación | AH1: Bono Proyecto | AI1: Bono Programación Competitiva | AJ1: Total Bonos | AK1: Total del curso | AL1: Partic | AM1: Def
A2: Cesar | B2: Alonso | C2: 29678921 | D2: 13.5 | E2: 14.5 | F2: 19 | G2: 11.6 | H2: 15.3 | I2: 18 | J2: 20 | K2: 19.8 | L2: 15 | M2: 20 | N2: 20 | O2: 5 | P2: 18 | Q2: 20 | R2: 15 | S2: 20 | T2: 20 | U2: 20 | V2: 20 | W2: 20 | X2: 20 | Y2: 20 | Z2: 20 | AA2: 19.65 | AB2: 20 | AC2: 18 | AD2: 19.42 | AE2: 19 | AF2: 20 | AH2: 10 | AJ2: 3 | AK2: 16.94 | AL2: =Partic!S2 -> 0.6 | AM2: =AK2+AL2 -> 17.54
A3: Daniel | B3: Alonso | C3: 31377471 | D3: 13 | E3: 13.5 | F3: 13.2 | G3: 5.2 | H3: 9.2 | I3: 20 | J3: 20 | K3: 19.8 | L3: 15 | M3: 20 | N3: 17 | O3: 10 | P3: 20 | Q3: 20 | R3: 17 | S3: 20 | T3: 14 | U3: 20 | V3: 20 | W3: 20 | X3: 19 | Y3: 20 | Z3: 20 | AA3: 19.65 | AB3: 18 | AC3: 18 | AD3: 19.37 | AE3: 19 | AF3: 10 | AH3: 10 | AJ3: 2.5 | AK3: 15.31 | AL3: =Partic!S3 -> 0.86666667 | AM3: =AK3+AL3 -> 16.176667
A4: Samuel | B4: Araujo | C4: 30906297 | D4: 12.5 | E4: 13 | F4: 6.6 | G4: 19 | H4: 12.8 | I4: 12 | K4: 18.89 | N4: 20 | P4: 18 | Q4: 16 | R4: 19 | T4: 19 | U4: 0 | V4: 19 | W4: 19 | X4: 18 | Y4: 10 | Z4: 20 | AA4: 7 | AB4: 18 | AC4: 20 | AD4: 12.69 | AE4: 15 | AK4: 13.2 | AL4: =Partic!S4 -> 1 | AM4: =AK4+AL4 -> 14.2
A5: Antonio | B5: Barriola | C5: 31985434 | D5: 18 | E5: 14.5 | F5: 6.6 | G5: 5.2 | H5: 5.9 | I5: 15 | J5: 20 | K5: 20 | L5: 20 | M5: 20 | N5: 13 | O5: 20 | P5: 12 | Q5: 20 | R5: 17 | T5: 20 | U5: 20 | V5: 20 | W5: 20 | X5: 17 | Y5: 20 | Z5: 20 | AA5: 19.65 | AB5: 16 | AC5: 18 | AD5: 18.38 | AE5: 14 | AH5: 10 | AJ5: 2 | AK5: 14.56 | AL5: =Partic!S5 -> 0.13333333 | AM5: =AK5+AL5 -> 14.693333
A6: Gustavo Enrique | B6: Barroso Quintero | C6: 30497006 | D6: 10 | E6: 13 | G6: 12.6 | H6: 6.3 | I6: 10 | K6: 16 | N6: 14 | P6: 20 | Q6: 18 | R6: 13 | S6: 20 | T6: 19 | V6: 20 | W6: 17.25 | X6: 19 | Z6: 17 | AA6: 18.6 | AB6: 20 | AC6: 14 | AD6: 12.79 | AE6: 19 | AH6: 10 | AJ6: 2 | AK6: 12.62 | AL6: =Partic!S6 -> 0.6 | AM6: =AK6+AL6 -> 13.22
A7: Oscar | B7: Becerra | C7: 32535152 | D7: 16 | E7: 13.5 | F7: 8 | G7: 20 | H7: 14 | I7: 14.3 | J7: 15 | K7: 15 | L7: 20 | N7: 20 | P7: 16 | Q7: 20 | R7: 19 | T7: 19 | V7: 20 | W7: 19.25 | X7: 19 | Z7: 20 | AA7: 18.6 | AB7: 18 | AD7: 13.66 | AE7: 14 | AK7: 14.23 | AL7: =Partic!S7 -> 0.13333333 | AM7: =AK7+AL7 -> 14.363333
A8: Juan | B8: Blanco | C8: 30538925 | D8: 9.5 | E8: 14 | F8: 2.6 | G8: 15 | H8: 8.8 | I8: 17 | J8: 20 | K8: 19.8 | L8: 10 | N8: 20 | O8: 0 | P8: 18 | Q8: 16 | T8: 17 | V8: 20 | W8: 11.2 | X8: 20 | Y8: 20 | Z8: 13 | AA8: 19.65 | AB8: 16 | AD8: 12.88 | AE8: 15 | AF8: 0 | AJ8: 0 | AK8: 12.04 | AL8: =Partic!S8 -> 0.73333333 | AM8: =AK8+AL8 -> 12.773333
A9: María Camila | B9: Carnevali Amarillo | C9: 29947837 | I9: 11 | AD9: 0.55 | AK9: 0.11 | AL9: =Partic!S9 -> 0.066666667 | AM9: =AK9+AL9 -> 0.17666667
A10: Juan | B10: Coll | C10: 31307883 | D10: 16 | E10: 10.5 | F10: 17.2 | G10: 18 | H10: 17.6 | I10: 15 | J10: 20 | K10: 19 | L10: 15 | M10: 20 | N10: 20 | O10: 10 | P10: 18 | Q10: 15 | R10: 15 | T10: 15 | U10: 18 | V10: 13 | W10: 14.25 | X10: 20 | Y10: 20 | Z10: 20 | AA10: 19.65 | AB10: 14 | AC10: 14 | AD10: 16.75 | AE10: 17 | AK10: 15.57 | AL10: =Partic!S10 -> 0.8 | AM10: 17
A11: Jose | B11: Ghazal El Bar | C11: 31873852 | D11: 2 | F11: 6.8 | H11: 3.4 | I11: 13 | J11: 15 | M11: 20 | O11: 15 | Q11: 20 | R11: 15 | S11: 20 | T11: 15 | U11: 20 | W11: 11.6 | AD11: 8.23 | AK11: 2.73 | AL11: =Partic!S11 -> 0.33333333 | AM11: Retirado
A12: Jose | B12: Gonzalez | C12: 32515298 | D12: 11.5 | E12: 12 | F12: 4 | G12: 10.6 | H12: 7.3 | I12: 12 | J12: 20 | L12: 20 | Y12: 16.9 | AD12: 3.45 | AE12: 10 | AK12: 8.85 | AL12: =Partic!S12 -> 0.066666667 | AM12: =AK12+AL12 -> 8.9166667
A13: Diego Alejandro | B13: Lara Barreto | C13: 31373493 | J13: 0 | AD13: 0 | AK13: 0 | AL13: =Partic!S13 -> 0.066666667 | AM13: Retirado
A14: Victor | B14: Medina | C14: 32347981 | D14: 19 | E14: 17.5 | F14: 13.2 | G14: 15.6 | H14: 14.4 | I14: 18 | K14: 15 | L14: 20 | M14: 20 | N14: 20 | O14: 0 | P14: 20 | Q14: 17 | R14: 20 | S14: 20 | T14: 19 | U14: 20 | V14: 19 | W14: 18.25 | X14: 18 | Y14: 16.9 | Z14: 9 | AA14: 19.65 | AB14: 18 | AC14: 16 | AD14: 17.19 | AE14: 19 | AK14: 17.42 | AL14: =Partic!S14 -> 0.066666667 | AM14: =AK14+AL14 -> 17.486667
A15: Jesús | B15: Navarro | C15: 32502105 | D15: 6 | E15: 10 | F15: 1.6 | G15: 4.2 | H15: 2.9 | I15: 15 | J15: 15 | K15: 20 | M15: 6 | N15: 20 | O15: 0 | P15: 20 | Q15: 20 | R15: 19 | T15: 16 | U15: 20 | V15: 18 | W15: 17 | X15: 18 | Y15: 15.8 | Z15: 11 | AA15: 19.65 | AB15: 16 | AC15: 14 | AD15: 15.02 | AE15: 15 | AH15: 10 | AJ15: 2 | AK15: 10.18 | AL15: =Partic!S15 -> 0.53333333 | AM15: =AK15+AL15 -> 10.713333
A16: Rafael Alejandro | B16: Ojeda Ortega | C16: 28318117 | D16: 15 | E16: 17 | G16: 13.6 | H16: 6.8 | I16: 18 | J16: 20 | L16: 0 | M16: 20 | O16: 10 | Q16: 20 | R16: 15 | S16: 20 | W16: 17.25 | X16: 15 | AA16: 19.65 | AB16: 18 | AC16: 18 | AD16: 10.55 | AE16: 19 | AH16: 10 | AJ16: 2 | AK16: 14.07 | AL16: =Partic!S16 -> 0.13333333 | AM16: =AK16+AL16 -> 14.203333
A17: Javier Antonio | B17: Ordaz Errante | C17: 30346514 | D17: 12.5 | E17: 16 | F17: 10.8 | G17: 15.6 | H17: 13.2 | I17: 14 | J17: 5 | K17: 14 | L17: 15 | M17: 20 | N17: 20 | O17: 10 | P17: 20 | Q17: 20 | R17: 12 | S17: 20 | T17: 20 | U17: 20 | V17: 20 | W17: 20 | X17: 19 | Y17: 20 | Z17: 19 | AA17: 19.65 | AB17: 20 | AC17: 18 | AD17: 18.28 | AE17: 19 | AF17: 20 | AJ17: 1 | AK17: 16 | AL17: =Partic!S17 -> 0.26666667 | AM17: =AK17+AL17 -> 16.266667
A18: Jose | B18: Quintero | C18: 32124905 | D18: 14 | E18: 13 | F18: 0.6 | G18: 1 | H18: 0.8 | I18: 15 | J18: 15 | L18: 7.5 | M18: 16 | O18: 0 | Q18: 12 | R18: 14 | U18: 0 | W18: 7 | X18: 15 | Y18: 20 | Z18: 17 | AA18: 17.55 | AD18: 7.8 | AE18: 15 | AH18: 10 | AJ18: 2 | AK18: 10.52 | AL18: =Partic!S18 -> 0.066666667 | AM18: =AK18+AL18 -> 10.586667
A19: Luis | B19: Rodrigues | C19: 32397222 | D19: 18 | E19: 10.5 | F19: 1.6 | G19: 2 | H19: 1.8 | I19: 12 | J19: 15 | M19: 20 | O19: 5 | Q19: 15 | R19: 14 | T19: 18 | U19: 16 | W19: 15.2 | X19: 16 | Y19: 18.6 | Z19: 19 | AA19: 19.35 | AB19: 16 | AC19: 18 | AD19: 11.86 | AE19: 14 | AH19: 10 | AJ19: 2 | AK19: 11.63 | AL19: =Partic!S19 -> 0.13333333 | AM19: =AK19+AL19 -> 11.763333
A20: Diego Andres | B20: Rodriguez Andretta | C20: 30156914 | AL20: =Partic!S20 -> 0 | AM20: =AK20+AL20 -> 0
A21: Juan | B21: Rojas | C21: 32333927 | D21: 8 | E21: 8 | F21: 7.8 | G21: 12.2 | H21: 10 | I21: 20 | J21: 10 | K21: 17 | L21: 15 | M21: 12 | N21: 18 | O21: 5 | P21: 20 | Q21: 16 | R21: 13 | T21: 14 | U21: 16 | V21: 17 | W21: 18 | X21: 15 | Y21: 15.8 | Z21: 12 | AA21: 19.65 | AB21: 18 | AC21: 18 | AD21: 15.47 | AE21: 15 | AH21: 10 | AJ21: 2 | AK21: 11.69 | AL21: =Partic!S21 -> 0.66666667 | AM21: 13
A22: Willian | B22: Santaella | C22: 27714378 | D22: 19.5 | E22: 16 | F22: 14.4 | G22: 10.2 | H22: 12.3 | I22: 18 | J22: 20 | K22: 18 | L22: 20 | M22: 20 | N22: 5 | O22: 20 | P22: 18 | Q22: 20 | R22: 16 | S22: 20 | T22: 20 | U22: 20 | V22: 20 | W22: 20 | X22: 20 | Y22: 16.6 | Z22: 20 | AA22: 19.65 | AB22: 16 | AC22: 20 | AD22: 19.36 | AE22: 19 | AK22: 17.23 | AL22: =Partic!S22 -> 0.066666667 | AM22: =AK22+AL22 -> 17.296667
A23: Maria | B23: Sierra | C23: 29662246 | I23: 9 | O23: 5 | Q23: 16 | V23: 16 | W23: 13 | X23: 16 | Y23: 14.4 | Z23: 13 | AA23: 11.45 | AB23: 20 | AD23: 6.69 | AE23: 10 | AK23: 3.34 | AL23: =Partic!S23 -> 0 | AM23: =AK23+AL23 -> 3.34
A24: Valeria Jose | B24: Solorzano Flores | C24: 31623260 | D24: 17.5 | E24: 14.5 | F24: 16.8 | G24: 19 | H24: 17.9 | I24: 14 | J24: 20 | K24: 20 | L24: 15 | M24: 20 | N24: 18 | O24: 5 | P24: 20 | Q24: 20 | R24: 10 | S24: 20 | T24: 19 | U24: 20 | V24: 20 | W24: 17 | X24: 17 | Y24: 20 | Z24: 17 | AA24: 17.85 | AB24: 12 | AC24: 20 | AD24: 18.09 | AE24: 17 | AF24: 15 | AJ24: 0.75 | AK24: 17.15 | AL24: =Partic!S24 -> 0.46666667 | AM24: =AK24+AL24 -> 17.616667
A25: Abraham | B25: Sulbaran | C25: 32080790 | D25: 15.5 | E25: 13.5 | F25: 1.6 | G25: 18.6 | H25: 10.1 | I25: 12 | J25: 0 | L25: 20 | O25: 5 | Q25: 16 | R25: 20 | S25: 20 | W25: 18.45 | X25: 18 | Y25: 18.6 | AA25: 19.65 | AC25: 18 | AD25: 9.29 | AE25: 15 | AH25: 10 | AJ25: 2 | AK25: 13.08 | AL25: =Partic!S25 -> 0.066666667 | AM25: =AK25+AL25 -> 13.146667
A26: Sebastian | B26: Toscano | C26: 29678946 | AL26: =Partic!S26 -> 0 | AM26: =AK26+AL26 -> 0
A27: Reinaldo | B27: Valero | C27: 34202891 | D27: 17.5 | E27: 18.5 | F27: 15 | G27: 17 | H27: 16 | I27: 20 | J27: 15 | K27: 20 | L27: 15 | M27: 20 | N27: 17 | O27: 20 | P27: 15 | Q27: 18 | R27: 14 | S27: 20 | T27: 20 | U27: 20 | V27: 20 | W27: 18.25 | X27: 20 | Y27: 16.9 | Z27: 15 | AA27: 19.65 | AB27: 16 | AC27: 16 | AD27: 18.79 | AE27: 19 | AK27: 17.96 | AL27: =Partic!S27 -> 0.066666667 | AM27: =AK27+AL27 -> 18.026667
A28: Samuel | B28: Vergel | C28: 31707262 | D28: 10.5 | E28: 12.5 | F28: 7.6 | G28: 12.6 | H28: 10.1 | I28: 15 | J28: 10 | K28: 18 | M28: 0 | N28: 15 | O28: 0 | P28: 15 | Q28: 18 | R28: 7 | T28: 15 | U28: 20 | V28: 20 | W28: 12 | X28: 19 | Z28: 14 | AA28: 7 | AB28: 20 | AD28: 11.25 | AE28: 14 | AF28: 0 | AJ28: 0 | AK28: 11.67 | AL28: =Partic!S28 -> 0.066666667 | AM28: =AK28+AL28 -> 11.736667

Sheet Estandar
A1: Materia: | B1: Algoritmos y Programación
A2: Trimestre: | B2: 2526-1
A3: Sección: | B3: 1
A5: numero_lista | B5: nombre | C5: apellido | D5: cedula | E5: carnet | F5: Semana 1 | H5: Semana 2 | J5: Semana 3 | L5: Semana 4 | N5: Semana 5 | P5: Semana 6 | R5: Semana 7 | T5: Semana 8 | V5: Semana 9 | X5: Semana 10 | Z5: Semana 11 | AB5: Semana 12
F6: lunes | G6: miercoles | H6: lunes | I6: miercoles | J6: lunes | K6: miercoles | L6: lunes | M6: miercoles | N6: lunes | O6: miercoles | P6: lunes | Q6: miercoles | R6: lunes | S6: miercoles | T6: lunes | U6: miercoles | V6: lunes | W6: miercoles | X6: lunes | Y6: miercoles | Z6: lunes | AA6: miercoles | AB6: lunes | AC6: miercoles
A7: 1 | B7: Cesar | C7: Alonso | D7: 29678921 | E7: 20221110498 | F7: 1 | I7: 1 | J7: 1 | K7: 1 | S7: 1 | U7: 2 | Y7: 1 | Z7: 1
A8: 2 | B8: Daniel | C8: Alonso | D8: 31377471 | E8: 20251110176 | F8: 1 | J8: 2 | K8: 1 | L8: 2 | Q8: 1 | V8: 4 | X8: 1 | Y8: 1
A9: 3 | B9: Samuel | C9: Araujo | D9: 30906297 | G9: 1 | J9: 1 | L9: 3 | O9: 1 | S9: 1 | T9: 1 | U9: 2 | V9: 1 | Y9: 1 | Z9: 3
A10: 4 | B10: Antonio | C10: Barriola | D10: 31985434 | E10: 20251110305 | F10: 1 | Y10: 1
A11: 5 | B11: Gustavo Enrique | C11: Barroso Quintero | D11: 30497006 | F11: 1 | I11: 1 | J11: 1 | T11: 3 | Y11: 1 | Z11: 2
A12: 6 | B12: Oscar | C12: Becerra | D12: 32535152 | E12: 20251110436 | F12: 1 | G12: 1
A13: 7 | B13: Juan | C13: Blanco | D13: 30538925 | E13: 20251120012 | F13: 2 | G13: 1 | L13: 1 | O13: 1 | S13: 1 | T13: 1 | U13: 1 | V13: 3
A14: 8 | B14: María Camila | C14: Carnevali Amarillo | D14: 29947837 | E14: 20201120021 | F14: 1
A15: 9 | B15: Juan | C15: Coll | D15: 31307883 | E15: 20251110060 | F15: 1 | G15: 2 | J15: 1 | L15: 3 | S15: 1 | T15: 1 | V15: 1 | X15: 1 | Z15: 1
A16: 10 | B16: Jose | C16: Ghazal El Bar | D16: 31873852 | E16: 20251130018 | F16: 1 | I16: 1 | L16: 3
A17: 11 | B17: Jose | C17: Gonzalez | D17: 32515298 | E17: 20251110065 | F17: 1
A18: 12 | B18: Diego Alejandro | C18: Lara Barreto | D18: 31373493 | E18: 20231120158 | G18: 1
A19: 13 | B19: Victor | C19: Medina | D19: 32347981 | E19: 20251110214 | F19: 1
A20: 14 | B20: Jesús | C20: Navarro | D20: 32502105 | E20: 20251120137 | F20: 1 | T20: 2 | X20: 3 | Y20: 2
A21: 15 | B21: Rafael Alejandro | C21: Ojeda Ortega | D21: 28318117 | E21: 20211110543 | F21: 1 | Z21: 1
A22: 16 | B22: Javier Antonio | C22: Ordaz Errante | D22: 30346514 | E22: 20231110814 | F22: 1 | J22: 1 | K22: 1 | Z22: 1
A23: 17 | B23: Jose | C23: Quintero | D23: 32124905 | E23: 20251130008 | F23: 1
A24: 18 | B24: Luis | C24: Rodrigues | D24: 32397222 | E24: 20251110310 | F24: 1 | G24: 1
A25: 19 | B25: Diego Andres | C25: Rodriguez Andretta | D25: 30156914 | E25: 20211120116
A26: 20 | B26: Juan | C26: Rojas | D26: 32333927 | E26: 20251120107 | F26: 1 | G26: 2 | J26: 2 | X26: 3 | Y26: 2
A27: 21 | B27: Willian | C27: Santaella | D27: 27714378 | E27: 20251110216 | F27: 1
A28: 22 | B28: Maria | C28: Sierra | D28: 29662246 | E28: 20201120176
A29: 23 | B29: Valeria Jose | C29: Solorzano Flores | D29: 31623260 | E29: 20241110106 | F29: 1 | G29: 1 | J29: 2 | K29: 1 | S29: 1 | Z29: 1
A30: 24 | B30: Abraham | C30: Sulbaran | D30: 32080790 | E30: 20251130147 | F30: 1
A31: 25 | B31: Sebastian | C31: Toscano | D31: 29678946 | E31: 20231110776
A32: 26 | B32: Reinaldo | C32: Valero | D32: 34202891 | E32: 20251110215 | F32: 1
A33: 27 | B33: Samuel | C33: Vergel | D33: 31707262 | E33: 20251110309 | F33: 1

Sheet Cronograma
A1: semana | B1: dia_sesion | C1: tema | D1: tipo_sesion
A2: 1 | B2: 1 | C2: 1
A3: 1 | B3: 2 | C3: 1
A4: 2 | B4: 1 | C4: 2
A5: 2 | B5: 2 | C5: 3
A6: 3 | B6: 1 | C6: 4
A7: 3 | B7: 2 | C7: 4
A8: 4 | B8: 1 | C8: 5
A9: 4 | B9: 2 | C9: 0 | D9: repaso
A10: 5 | B10: 1 | C10: 0 | D10: evaluacion
A11: 5 | B11: 2 | C11: 6
A12: 6 | B12: 1 | C12: 0 | D12: evaluacion
A13: 6 | B13: 2 | C13: 7
A14: 7 | B14: 1 | C14: 0 | D14: sin_clase
A15: 7 | B15: 2 | C15: 7
A16: 8 | B16: 1 | C16: 8
A17: 8 | B17: 2 | C17: 9
A18: 9 | B18: 1 | C18: 10
A19: 9 | B19: 2 | C19: 0 | D19: evaluacion
A20: 10 | B20: 1 | C20: 10
A21: 10 | B21: 2 | C21: 10
A22: 11 | B22: 1 | C22: 0 | D22: evaluacion
A23: 11 | B23: 2 | C23: 0 | D23: evaluacion
A24: 12 | B24: 1 | C24: 0 | D24: administrativa
A25: 12 | B25: 2 | C25: 0 | D25: administrativa
A27: Nota: | B27: tema = código del catálogo de la asignatura. Si la sesión no cubre contenido nuevo: tema = 0 y tipo_sesion indica la causa (evaluacion, repaso, sin_clase, administrativa). Si tema > 0 la sesión es de contenido y tipo_sesion queda vacío.
