Workbook

Sheet ESTRUCTURAS-DE DATOS
A1: Participaciones ESTRUCTURAS DE DATOS - Enero-Marzo 2026
A2: Cédula de Identidad | B2: Nombres y Apellidos | C2: Lun Sem 1 | D2: Mie Sem 1 | E2: Lun Sem 2 | F2: Lun Sem 3 | G2: Mie Sem 3 | H2: Lun Sem 4 | I2: Mie Sem 4 | J2: Lun Sem 5 | K2: Mie Sem 5 | L2: Mie Sem 6 | M2: Mie Sem 7 | N2: Lun Sem 8 | O2: Mie Sem 8 | P2: Lun Sem 9 | Q2: Mie Sem 9 | R2: Lun Sem 10 | S2: Mie Sem 10 | T2: Lun Sem 11 | U2: Lun Sem 12 | V2: TOTAL | W2: %
A3: 28410856 | B3: Sebastian Alfonzo | E3: 2 | G3: 1 | V3: =SUM('ESTRUCTURAS-DE DATOS'!$C3:$U3) -> 3 | W3: =V3/17 -> 0.17647059
A4: 30911705 | B4: Daniel Angulo | C4: 2 | F4: 1 | K4: 2 | L4: 2 | U4: 2 | V4: =SUM('ESTRUCTURAS-DE DATOS'!$C4:$U4) -> 9 | W4: =V4/17 -> 0.52941176
A5: 30394726 | B5: Valentina Cabrera | D5: 8 | E5: 4 | G5: 4 | H5: 1 | I5: 5 | J5: 4 | K5: 4 | M5: 1 | N5: 3 | O5: 1 | R5: 4 | T5: 4 | U5: 1 | V5: =SUM('ESTRUCTURAS-DE DATOS'!$C5:$U5) -> 44 | W5: =V5/17 -> 2.5882353
A6: 32333927 | B6: Juan Pablo Rojas | D6: 1 | E6: 3 | F6: 1 | K6: 2 | L6: 2 | Q6: 1 | S6: 2 | U6: 2 | V6: =SUM('ESTRUCTURAS-DE DATOS'!$C6:$U6) -> 14 | W6: =V6/17 -> 0.82352941
A7: 31464995 | B7: Giancarlo Paolino | V7: =SUM('ESTRUCTURAS-DE DATOS'!$C7:$U7) -> 0 | W7: =V7/17 -> 0
A8: 31042821 | B8: Sebastian Velasquez | L8: 2 | P8: 1 | R8: 5 | V8: =SUM('ESTRUCTURAS-DE DATOS'!$C8:$U8) -> 8 | W8: =V8/17 -> 0.47058824
A9: 29724329 | B9: Gabriel Cedeño | L9: 4 | V9: =SUM('ESTRUCTURAS-DE DATOS'!$C9:$U9) -> 4 | W9: =V9/17 -> 0.23529412
A10: 31785756 | B10: Carlos Padrón | V10: =SUM('ESTRUCTURAS-DE DATOS'!$C10:$U10) -> 0 | W10: =V10/17 -> 0
A11: 31985434 | B11: Antonio Barriola | V11: =SUM('ESTRUCTURAS-DE DATOS'!$C11:$U11) -> 0 | W11: =V11/17 -> 0
A12: 31758845 | B12: Adrian Martinez | Q12: 1 | S12: 4 | T12: 2 | U12: 2 | V12: =SUM('ESTRUCTURAS-DE DATOS'!$C12:$U12) -> 9 | W12: =V12/17 -> 0.52941176
A13: 31377369 | B13: Gianfranco Camporeale | J13: 3 | K13: 1 | Q13: 1 | R13: 2 | S13: 2 | V13: =SUM('ESTRUCTURAS-DE DATOS'!$C13:$U13) -> 9 | W13: =V13/17 -> 0.52941176
A14: 32377039 | B14: Ugarte Alirio | E14: 2 | F14: 1 | V14: =SUM('ESTRUCTURAS-DE DATOS'!$C14:$U14) -> 3 | W14: =V14/17 -> 0.17647059
A15: 32124905 | B15: Jose Quintero | V15: =SUM('ESTRUCTURAS-DE DATOS'!$C15:$U15) -> 0 | W15: =V15/17 -> 0
A16: 24843496 | B16: David Mayora | V16: =SUM('ESTRUCTURAS-DE DATOS'!$C16:$U16) -> 0 | W16: =V16/17 -> 0
A17: 30538925 | B17: Juan Blanco | E17: 1 | F17: 1 | J17: 1 | S17: 4 | V17: =SUM('ESTRUCTURAS-DE DATOS'!$C17:$U17) -> 7 | W17: =V17/17 -> 0.41176471
A18: 31707262 | B18: Samuel Vergel | V18: =SUM('ESTRUCTURAS-DE DATOS'!$C18:$U18) -> 0 | W18: =V18/17 -> 0
A19: 31307971 | B19: Andrés Fung | V19: =SUM('ESTRUCTURAS-DE DATOS'!$C19:$U19) -> 0 | W19: =V19/17 -> 0
A20: 31707260 | B20: Oscar Ezeiza | O20: 1 | P20: 1 | V20: =SUM('ESTRUCTURAS-DE DATOS'!$C20:$U20) -> 2 | W20: =V20/17 -> 0.11764706

Sheet Estandar
A1: Materia: | B1: Estructuras de Datos
A2: Trimestre: | B2: 2526-2
A3: Sección: | B3: 2
A5: numero_lista | B5: nombre | C5: apellido | D5: cedula | E5: carnet | F5: Semana 1 | H5: Semana 2 | J5: Semana 3 | L5: Semana 4 | N5: Semana 5 | P5: Semana 6 | R5: Semana 7 | T5: Semana 8 | V5: Semana 9 | X5: Semana 10 | Z5: Semana 11 | AB5: Semana 12
F6: lunes | G6: miercoles | H6: lunes | I6: miercoles | J6: lunes | K6: miercoles | L6: lunes | M6: miercoles | N6: lunes | O6: miercoles | P6: lunes | Q6: miercoles | R6: lunes | S6: miercoles | T6: lunes | U6: miercoles | V6: lunes | W6: miercoles | X6: lunes | Y6: miercoles | Z6: lunes | AA6: miercoles | AB6: lunes | AC6: miercoles
A7: 1 | B7: Sebastian | C7: Alfonzo | D7: 28410856 | E7: 20241120090 | H7: 2 | K7: 1
A8: 2 | B8: Daniel | C8: Angulo | D8: 30911705 | E8: 20241110589 | F8: 2 | J8: 1 | O8: 2 | Q8: 2 | AB8: 2
A9: 3 | B9: Valentina | C9: Cabrera | D9: 30394726 | G9: 8 | H9: 4 | K9: 4 | L9: 1 | M9: 5 | N9: 4 | O9: 4 | S9: 1 | T9: 3 | U9: 1 | X9: 4 | Z9: 4 | AB9: 1
A10: 4 | B10: Juan Pablo | C10: Rojas | D10: 32333927 | E10: 20251120107 | G10: 1 | H10: 3 | J10: 1 | O10: 2 | Q10: 2 | W10: 1 | Y10: 2 | AB10: 2
A11: 5 | B11: Giancarlo | C11: Paolino | D11: 31464995 | E11: 20251110145
A12: 6 | B12: Sebastian | C12: Velasquez | D12: 31042821 | Q12: 2 | V12: 1 | X12: 5
A13: 7 | B13: Gabriel | C13: Cedeño | D13: 29724329 | E13: 20221110604 | Q13: 4
A14: 8 | B14: Carlos | C14: Padrón | D14: 31785756 | E14: 20241130167
A15: 9 | B15: Antonio | C15: Barriola | D15: 31985434 | E15: 20251110305
A16: 10 | B16: Adrian | C16: Martinez | D16: 31758845 | W16: 1 | Y16: 4 | Z16: 2 | AB16: 2
A17: 11 | B17: Gianfranco | C17: Camporeale | D17: 31377369 | N17: 3 | O17: 1 | W17: 1 | X17: 2 | Y17: 2
A18: 12 | B18: Alirio | C18: Ugarte | D18: 32377039 | H18: 2 | J18: 1
A19: 13 | B19: Jose | C19: Quintero | D19: 32124905 | E19: 20251130008
A20: 14 | B20: David | C20: Mayora | D20: 24843496 | E20: 20221120086
A21: 15 | B21: Juan | C21: Blanco | D21: 30538925 | E21: 20251120012 | H21: 1 | J21: 1 | N21: 1 | Y21: 4
A22: 16 | B22: Samuel | C22: Vergel | D22: 31707262 | E22: 20251110309
A23: 17 | B23: Andrés | C23: Fung | D23: 31307971 | E23: 20241110377
A24: 18 | B24: Oscar | C24: Ezeiza | D24: 31707260 | U24: 1 | V24: 1
