Workbook

Sheet Hoja 1
A1: Fernando Torre | B1: 45909 | C1: 45911 | D1: 45925 | E1: 45930 | F1: 45932 | G1: 45937 | H1: 45939 | I1: 45945 | J1: 45956 | K1: 45960 | L1: 45965 | M1: 45972 | N1: 45974 | O1: 45979 | P1: 45985 | Q1: TOTAL | R1: %
A2: GAGustavo Abad | Q2: =SUM(B2:P2) -> 0 | R2: =Q2/COUNTA($B$1:$P$1) -> 0
A3: DADaniel Angulo | J3: 1 | Q3: =SUM(B3:P3) -> 1 | R3: =Q3/COUNTA($B$1:$P$1) -> 0.066666667
A4: JBJesus Bethencourt | Q4: =SUM(B4:P4) -> 0 | R4: =Q4/COUNTA($B$1:$P$1) -> 0
A5: LBLuis Bravo | Q5: =SUM(B5:P5) -> 0 | R5: =Q5/COUNTA($B$1:$P$1) -> 0
A6: Daniel Calderon | Q6: =SUM(B6:P6) -> 0 | R6: =Q6/COUNTA($B$1:$P$1) -> 0
A7: RCRafael Cardenas | C7: 1 | O7: 1 | P7: 1 | Q7: =SUM(B7:P7) -> 3 | R7: =Q7/COUNTA($B$1:$P$1) -> 0.2
A8: Derek Braian Carvajal Lisboa | M8: 6 | Q8: =SUM(B8:P8) -> 6 | R8: =Q8/COUNTA($B$1:$P$1) -> 0.4
A9: CDCarolina Dib | Q9: =SUM(B9:P9) -> 0 | R9: =Q9/COUNTA($B$1:$P$1) -> 0
A10: NDNatalio Djandji | B10: 1 | E10: 1 | Q10: =SUM(B10:P10) -> 2 | R10: =Q10/COUNTA($B$1:$P$1) -> 0.13333333
A11: LFLuis Farrera | Q11: =SUM(B11:P11) -> 0 | R11: =Q11/COUNTA($B$1:$P$1) -> 0
A12: AFAndrés Alejandro Fung Lander | Q12: =SUM(B12:P12) -> 0 | R12: =Q12/COUNTA($B$1:$P$1) -> 0
A13: DGDiego Eduardo Gutierrez Mora | Q13: =SUM(B13:P13) -> 0 | R13: =Q13/COUNTA($B$1:$P$1) -> 0
A14: VHVictoria Hernández | Q14: =SUM(B14:P14) -> 0 | R14: =Q14/COUNTA($B$1:$P$1) -> 0
A15: Kelvin Hurtado | Q15: =SUM(B15:P15) -> 0 | R15: =Q15/COUNTA($B$1:$P$1) -> 0
A16: Jesus Enrique Leal Carrillo | Q16: =SUM(B16:P16) -> 0 | R16: =Q16/COUNTA($B$1:$P$1) -> 0
A17: Andres Emilio Mujica Gil | C17: 1 | D17: 1 | G17: 3 | Q17: =SUM(B17:P17) -> 5 | R17: =Q17/COUNTA($B$1:$P$1) -> 0.33333333
A18: JOJuan Olivero | Q18: =SUM(B18:P18) -> 0 | R18: =Q18/COUNTA($B$1:$P$1) -> 0
A19: CPCarlos Padron | Q19: =SUM(B19:P19) -> 0 | R19: =Q19/COUNTA($B$1:$P$1) -> 0
A20: APAndres Perozo Minetti | Q20: =SUM(B20:P20) -> 0 | R20: =Q20/COUNTA($B$1:$P$1) -> 0
A21: Alexander Ramírez | Q21: =SUM(B21:P21) -> 0 | R21: =Q21/COUNTA($B$1:$P$1) -> 0
A22: Luciano Roa | C22: 1 | Q22: =SUM(B22:P22) -> 1 | R22: =Q22/COUNTA($B$1:$P$1) -> 0.066666667
A23: Jesus Gabriel Rodríguez Brito | F23: 4 | Q23: =SUM(B23:P23) -> 4 | R23: =Q23/COUNTA($B$1:$P$1) -> 0.26666667
A24: LSLeonardo Miguel Segovia Pinho | B24: 1 | C24: 1 | D24: 1 | G24: 8 | J24: 1 | K24: 2 | L24: 4 | N24: 3 | O24: 1 | P24: 1 | Q24: =SUM(B24:P24) -> 23 | R24: =Q24/COUNTA($B$1:$P$1) -> 1.5333333
A25: ASArmando Suarez | Q25: =SUM(B25:P25) -> 0 | R25: =Q25/COUNTA($B$1:$P$1) -> 0
A26: STSophia Tenorio | B26: 2 | C26: 1 | G26: 3 | Q26: =SUM(B26:P26) -> 6 | R26: =Q26/COUNTA($B$1:$P$1) -> 0.4
A27: AYAntonio Yibirin | C27: 2 | D27: 1 | H27: 5 | I27: 1 | J27: 1 | L27: 4 | Q27: =SUM(B27:P27) -> 14 | R27: =Q27/COUNTA($B$1:$P$1) -> 0.93333333
A28: Alejandro Ezequiel Zamora Escalante | B28: 1 | C28: 1 | Q28: =SUM(B28:P28) -> 2 | R28: =Q28/COUNTA($B$1:$P$1) -> 0.13333333
A29: GZGiovanni Zarbo | B29: 1 | P29: 1 | Q29: =SUM(B29:P29) -> 2 | R29: =Q29/COUNTA($B$1:$P$1) -> 0.13333333
A30: Azael Alonso Zerpa Salazar | D30: 1 | I30: 1 | Q30: =SUM(B30:P30) -> 2 | R30: =Q30/COUNTA($B$1:$P$1) -> 0.13333333
A31: Nicolas Mendez | F31: 2 | I31: 1 | K31: 2 | L31: 4 | M31: 4 | N31: 5 | O31: 1 | P31: 2 | Q31: =SUM(B31:P31) -> 21 | R31: =Q31/COUNTA($B$1:$P$1) -> 1.4

Sheet Totales
A1: Nombre | B1: Apellido(s) | C1: Cédula | D1: Parcial 1 | E1: Parcial 2 | F1: Prueba Práctica 1 | G1: Prueba Práctica 2 | H1: Proyecto 1 | I1: Proyecto 2 | J1: IBM SkillBuild | K1: Video interactivo | L1: GameMap | M1: Código Naranja | N1: Total % | O1: Escala 20 | P1: Partic | Q1: Def
A2: Gustavo | B2: Abad | C2: 32050015 | D2: 17 | E2: 14.4 | F2: 0 | H2: 18.7 | I2: 13.6 | K2: 18.89 | L2: 20 | N2: 61.14 | O2: =N2/5 -> 12.228 | P2: ='Hoja 1'!R2 -> 0 | Q2: =O2+P2 -> 12.228
A3: Daniel | B3: Angulo | C3: 30911705 | D3: 7 | F3: 0 | K3: 16.67 | N3: 10.83 | O3: =N3/5 -> 2.166 | P3: ='Hoja 1'!R3 -> 0.066666667 | Q3: Ret
A4: Jesús | B4: Bethencourt | C4: 30906782 | D4: 5 | E4: 10.4 | G4: 0 | H4: 18 | I4: 13.2 | L4: 20 | N4: 39.95 | O4: =N4/5 -> 7.99 | P4: ='Hoja 1'!R4 -> 0 | Q4: =O4+P4 -> 7.99
A5: Luis | B5: Bravo | C5: 31852011 | D5: 17 | E5: 10.05 | F5: 0 | H5: 0 | K5: 17.78 | L5: 20 | N5: 33.51 | O5: =N5/5 -> 6.702 | P5: ='Hoja 1'!R5 -> 0 | Q5: =O5+P5 -> 6.702
A6: Daniel | B6: Calderon | C6: 29947503 | O6: =N6/5 -> 0 | P6: ='Hoja 1'!R6 -> 0 | Q6: =O6+P6 -> 0
A7: Rafael | B7: Cardenas | C7: 31448284 | D7: 7 | E7: 11.67 | F7: 0 | H7: 0 | I7: 19.6 | J7: 20 | K7: 20 | L7: 20 | M7: 9.86 | N7: =42.2+M7 -> 52.06 | O7: =N7/5 -> 10.412 | P7: ='Hoja 1'!R7 -> 0.2 | Q7: =O7+P7 -> 10.612
A8: Derek Braian | B8: Carvajal Lisboa | C8: 30693530 | D8: 12 | E8: 16.53 | F8: 4.5 | G8: 7.25 | H8: 18.2 | I8: 16 | J8: 5 | K8: 16.67 | L8: 20 | N8: 64.75 | O8: =N8/5 -> 12.95 | P8: ='Hoja 1'!R8 -> 0.4 | Q8: 14
A9: Carolina | B9: Dib | C9: 28175373 | D9: 15 | E9: 11.57 | F9: 6.5 | G9: 0 | H9: 17.4 | I9: 9.2 | J9: 20 | K9: 17.78 | L9: 20 | N9: 60.35 | O9: =N9/5 -> 12.07 | P9: ='Hoja 1'!R9 -> 0 | Q9: =O9+P9 -> 12.07
A10: Natalio | B10: Djandji | C10: 31792509 | D10: 0 | F10: 5.5 | K10: 18.89 | N10: 5.11 | O10: =N10/5 -> 1.022 | P10: ='Hoja 1'!R10 -> 0.13333333 | Q10: Ret
A11: Luis | B11: Farrera | C11: 30942903 | H11: 0 | N11: 0 | O11: =N11/5 -> 0 | P11: ='Hoja 1'!R11 -> 0 | Q11: =O11+P11 -> 0
A12: Andrés Alejandro | B12: Fung Lander | C12: 31307971 | D12: 11 | F12: 0 | N12: 13.75 | O12: =N12/5 -> 2.75 | P12: ='Hoja 1'!R12 -> 0 | Q12: =O12+P12 -> 2.75
A13: Diego Eduardo | B13: Gutierrez Mora | C13: 29948233 | O13: =N13/5 -> 0 | P13: ='Hoja 1'!R13 -> 0 | Q13: Ret
A14: Victoria | B14: Hernández | C14: 31886469 | D14: 10 | E14: 14.98 | F14: 0 | H14: 18.7 | I14: 13.6 | J14: 5 | K14: 20 | N14: 51.71 | O14: =N14/5 -> 10.342 | P14: ='Hoja 1'!R14 -> 0 | Q14: =O14+P14 -> 10.342
A15: Kelvin | B15: Hurtado | C15: 26794618 | D15: 12 | E15: 11.66 | F15: 0 | G15: 0 | H15: 0 | J15: 20 | K15: 18.89 | N15: 31.1 | O15: =N15/5 -> 6.22 | P15: ='Hoja 1'!R15 -> 0 | Q15: =O15+P15 -> 6.22
A16: Jesus Enrique | B16: Leal Carrillo | C16: 30245943 | D16: 7 | E16: 14.4 | F16: 19.5 | G16: 18.5 | H16: 18.8 | I16: 15.2 | J16: 20 | K16: 16.67 | L16: 20 | N16: 73.63 | O16: =N16/5 -> 14.726 | P16: ='Hoja 1'!R16 -> 0 | Q16: =O16+P16 -> 14.726
A17: Andres Emilio | B17: Mujica Gil | C17: 31229787 | D17: 10 | E17: 12.18 | F17: 0 | H17: 0 | I17: 19.6 | J17: 20 | K17: 14.44 | L17: 20 | M17: 10 | N17: =45.64+M17 -> 55.64 | O17: =N17/5 -> 11.128 | P17: ='Hoja 1'!R17 -> 0.33333333 | Q17: =O17+P17 -> 11.461333
A18: Juan | B18: Olivero | C18: 30719195 | D18: 14 | E18: 10.4 | F18: 0 | G18: 0 | N18: 25.3 | O18: =N18/5 -> 5.06 | P18: ='Hoja 1'!R18 -> 0 | Q18: =O18+P18 -> 5.06
A19: Carlos | B19: Padron | C19: 31785756 | D19: 10 | E19: 10.4 | F19: 2.5 | G19: 0 | H19: 0 | J19: 20 | K19: 20 | L19: 20 | N19: 31.55 | O19: =N19/5 -> 6.31 | P19: ='Hoja 1'!R19 -> 0 | Q19: =O19+P19 -> 6.31
A20: Andres | B20: Perozo Minetti | C20: 31020400 | D20: 8.5 | E20: 14.4 | F20: 0 | G20: 20 | H20: 18.4 | I20: 12.2 | J20: 10 | K20: 14.44 | L20: 20 | N20: 61.18 | O20: =N20/5 -> 12.236 | P20: ='Hoja 1'!R20 -> 0 | Q20: =O20+P20 -> 12.236
A21: Alexander | B21: Ramírez | C21: 29611077 | O21: =N21/5 -> 0 | P21: ='Hoja 1'!R21 -> 0 | Q21: =O21+P21 -> 0
A22: Luciano | B22: Roa | C22: 31587327 | D22: 6 | F22: 7.5 | N22: 11.25 | O22: =N22/5 -> 2.25 | P22: ='Hoja 1'!R22 -> 0.066666667 | Q22: Ret
A23: Jesus Gabriel | B23: Rodríguez Brito | C23: 30229939 | D23: 12 | E23: 10.91 | F23: 11.5 | G23: 20 | H23: 18.8 | I23: 15.2 | J23: 10 | K23: 1.11 | N23: 67.07 | O23: =N23/5 -> 13.414 | P23: ='Hoja 1'!R23 -> 0.26666667 | Q23: =O23+P23 -> 13.680667
A24: Leonardo Miguel | B24: Segovia Pinho | C24: 27985520 | D24: 12 | E24: 14.4 | F24: 0 | G24: 14.5 | H24: 18.4 | I24: 12.2 | J24: 20 | K24: 16.67 | L24: 20 | M24: 1.67 | N24: =65.58+M24 -> 67.25 | O24: =N24/5 -> 13.45 | P24: ='Hoja 1'!R24 -> 1.5333333 | Q24: =O24+P24 -> 14.983333
A25: Armando | B25: Suarez | C25: 31623487 | H25: 0 | J25: 10 | N25: 2.5 | O25: =N25/5 -> 0.5 | P25: ='Hoja 1'!R25 -> 0 | Q25: =O25+P25 -> 0.5
A26: Sophia | B26: Tenorio | C26: 27714324 | D26: 19 | E26: 16 | G26: 20 | H26: 18.4 | I26: 12.2 | K26: 14.44 | N26: 70.5 | O26: =N26/5 -> 14.1 | P26: ='Hoja 1'!R26 -> 0.4 | Q26: =O26+P26 -> 14.5
A27: Antonio | B27: Yibirin | C27: 32001374 | D27: 11 | E27: 15.2 | F27: 13 | H27: 0 | I27: 14 | K27: 20 | L27: 20 | N27: 47.15 | O27: =N27/5 -> 9.43 | P27: ='Hoja 1'!R27 -> 0.93333333 | Q27: 11
A28: Alejandro Ezequiel | B28: Zamora Escalante | C28: 30394855 | O28: =N28/5 -> 0 | P28: ='Hoja 1'!R28 -> 0.13333333 | Q28: =O28+P28 -> 0.13333333
A29: Giovanni | B29: Zarbo | C29: 31872806 | D29: 16 | E29: 10.81 | F29: 5.05 | G29: 0 | H29: 18.7 | I29: 13.6 | K29: 18.89 | L29: 20 | N29: 59.72 | O29: =N29/5 -> 11.944 | P29: ='Hoja 1'!R29 -> 0.13333333 | Q29: =O29+P29 -> 12.077333
A30: Azael Alonso | B30: Zerpa Salazar | C30: 31963201 | D30: 15 | E30: 9.6 | F30: 4.5 | H30: 0 | I30: 19.6 | J30: 20 | K30: 18.89 | L30: 20 | N30: 52.76 | O30: =N30/5 -> 10.552 | P30: ='Hoja 1'!R30 -> 0.13333333 | Q30: =O30+P30 -> 10.685333
A31: Nicolás | B31: Mendez | C31: 31985260 | D31: 13 | E31: 14.4 | F31: 11.5 | H31: 0 | I31: 14 | J31: 20 | K31: 18.89 | N31: 50.66 | O31: =N31/5 -> 10.132 | P31: ='Hoja 1'!R31 -> 1.4 | Q31: 12
P33: ='Hoja 1'!R32 -> 0

Sheet Estandar
A1: Materia: | B1: Estructura De Datos
A2: Trimestre: | B2: 2526-1
A3: Sección: | B3: 2
A5: numero_lista | B5: nombre | C5: apellido | D5: cedula | E5: carnet | F5: Semana 1 | H5: Semana 2 | J5: Semana 3 | L5: Semana 4 | N5: Semana 5 | P5: Semana 6 | R5: Semana 7 | T5: Semana 8 | V5: Semana 9 | X5: Semana 10 | Z5: Semana 11 | AB5: Semana 12
F6: martes | G6: jueves | H6: martes | I6: jueves | J6: martes | K6: jueves | L6: martes | M6: jueves | N6: martes | O6: jueves | P6: martes | Q6: jueves | R6: martes | S6: jueves | T6: martes | U6: jueves | V6: martes | W6: jueves | X6: martes | Y6: jueves | Z6: martes | AA6: jueves | AB6: martes | AC6: jueves
A7: 1 | B7: Gustavo | C7: Abad | D7: 32050015 | E7: 20251110442
A8: 2 | B8: Daniel | C8: Angulo | D8: 30911705 | E8: 20241110589 | T8: 1
A9: 3 | B9: Jesús | C9: Bethencourt | D9: 30906782 | E9: 20241110456
A10: 4 | B10: Luis | C10: Bravo | D10: 31852011 | E10: 20251120004
A11: 5 | B11: Daniel | C11: Calderon | D11: 29947503 | E11: 20221110165
A12: 6 | B12: Rafael | C12: Cardenas | D12: 31448284 | E12: 20231120166 | G12: 1 | Z12: 1 | AB12: 1
A13: 7 | B13: Derek Braian | C13: Carvajal Lisboa | D13: 30693530 | E13: 20241110374 | X13: 6
A14: 8 | B14: Carolina | C14: Dib | D14: 28175373 | E14: 20201110335
A15: 9 | B15: Natalio | C15: Djandji | D15: 31792509 | E15: 20251110112 | F15: 1 | L15: 1
A16: 10 | B16: Luis | C16: Farrera | D16: 30942903 | E16: 20241120119
A17: 11 | B17: Andrés Alejandro | C17: Fung Lander | D17: 31307971 | E17: 20241110377
A18: 12 | B18: Diego Eduardo | C18: Gutierrez Mora | D18: 29948233 | E18: 20241110472
A19: 13 | B19: Victoria | C19: Hernández | D19: 31886469 | E19: 20251110136
A20: 14 | B20: Kelvin | C20: Hurtado | D20: 26794618 | E20: 20171130051
A21: 15 | B21: Jesus Enrique | C21: Leal Carrillo | D21: 30245943 | E21: 20231110360
A22: 16 | B22: Nicolás | C22: Mendez | D22: 31985260 | E22: 20251110299 | M22: 2 | Q22: 1 | U22: 2 | V22: 4 | X22: 4 | Y22: 5 | Z22: 1 | AB22: 2
A23: 17 | B23: Andres Emilio | C23: Mujica Gil | D23: 31229787 | E23: 20241110455 | G23: 1 | K23: 1 | N23: 3
A24: 18 | B24: Juan | C24: Olivero | D24: 30719195 | E24: 20231110418
A25: 19 | B25: Carlos | C25: Padron | D25: 31785756 | E25: 20241130167
A26: 20 | B26: Andres | C26: Perozo Minetti | D26: 31020400 | E26: 20231130043
A27: 21 | B27: Alexander | C27: Ramírez | D27: 29611077 | E27: 20221110015
A28: 22 | B28: Luciano | C28: Roa | D28: 31587327 | E28: 20241130168 | G28: 1
A29: 23 | B29: Jesus Gabriel | C29: Rodríguez Brito | D29: 30229939 | E29: 20221120020 | M29: 4
A30: 24 | B30: Leonardo Miguel | C30: Segovia Pinho | D30: 27985520 | E30: 20201110250 | F30: 1 | G30: 1 | K30: 1 | N30: 8 | T30: 1 | U30: 2 | V30: 4 | Y30: 3 | Z30: 1 | AB30: 1
A31: 25 | B31: Armando | C31: Suarez | D31: 31623487 | E31: 20231110186
A32: 26 | B32: Sophia | C32: Tenorio | D32: 27714324 | E32: 20241130162 | F32: 2 | G32: 1 | N32: 3
A33: 27 | B33: Antonio | C33: Yibirin | D33: 32001374 | E33: 20251110189 | G33: 2 | K33: 1 | O33: 5 | Q33: 1 | T33: 1 | V33: 4
A34: 28 | B34: Alejandro Ezequiel | C34: Zamora Escalante | D34: 30394855 | E34: 20241110467 | F34: 1 | G34: 1
A35: 29 | B35: Giovanni | C35: Zarbo | D35: 31872806 | E35: 20251110273 | F35: 1 | AB35: 1
A36: 30 | B36: Azael Alonso | C36: Zerpa Salazar | D36: 31963201 | E36: 20241110508 | K36: 1 | Q36: 1

Sheet Cronograma
A1: semana | B1: dia_sesion | C1: tema | D1: tipo_sesion
A2: 1 | B2: 1 | C2: 1
A3: 1 | B3: 2 | C3: 1
A4: 2 | B4: 1 | C4: 2
A5: 2 | B5: 2 | C5: 2
A6: 3 | B6: 1 | C6: 3
A7: 3 | B7: 2 | C7: 4
A8: 4 | B8: 1 | C8: 5
A9: 4 | B9: 2 | C9: 5
A10: 5 | B10: 1 | C10: 6
A11: 5 | B11: 2 | C11: 6
A12: 6 | B12: 1 | C12: 0 | D12: evaluacion
A13: 6 | B13: 2 | C13: 7
A14: 7 | B14: 1 | C14: 8
A15: 7 | B15: 2 | C15: 0 | D15: evaluacion
A16: 8 | B16: 1 | C16: 9
A17: 8 | B17: 2 | C17: 9
A18: 9 | B18: 1 | C18: 10
A19: 9 | B19: 2 | C19: 10
A20: 10 | B20: 1 | C20: 11
A21: 10 | B21: 2 | C21: 11
A22: 11 | B22: 1 | C22: 12
A23: 11 | B23: 2 | C23: 0 | D23: evaluacion
A24: 12 | B24: 1 | C24: 13
A25: 12 | B25: 2 | C25: 0 | D25: evaluacion
A27: Nota: | B27: tema = código del catálogo de la asignatura. Si la sesión no cubre contenido nuevo: tema = 0 y tipo_sesion indica la causa (evaluacion, repaso, sin_clase, administrativa). Si tema > 0 la sesión es de contenido y tipo_sesion queda vacío.
