Workbook

Sheet Lista
A1: ID | B1: CEDULA | C1: APELLIDO | D1: NOMBRE | E1: Segundo nombre | F1: correo unimet
A2: 1 | B2: 31965501 | C2: Ananian | D2: Simon | E2: Rafael | F2: simon.ananian@correo.unimet.edu.ve,
A3: 2 | B3: 30124773 | C3: Arcia | D3: Luis | E3: Angel | F3: luis.arcia@correo.unimet.edu.ve,
A4: 3 | B4: 29947503 | C4: Calderon | D4: Daniel | E4: Antonio | F4: daniel.calderon@correo.unimet.edu.ve,
A5: 4 | B5: 32491310 | C5: Casais | D5: Elohym | E5: Joham | F5: casais.elohym@correo.unimet.edu.ve,
A6: 5 | B6: 30938650 | C6: Castillo | D6: Adolfo | E6: Alexander | F6: adolfo.castillo@correo.unimet.edu.ve,
A7: 6 | B7: 29756222 | C7: Charco | D7: Isaac | E7: Israel | F7: i.charco@correo.unimet.edu.ve,
A8: 7 | B8: 31979214 | C8: Cuello | D8: Jabrieliz | E8: Virginia | F8: jabrieliz.cuello@correo.unimet.edu.ve,
A9: 8 | B9: 31046379 | C9: De Michele | D9: Elizabeth | E9: Sarah Valentina | F9: elidemichele@correo.unimet.edu.ve,
A10: 9 | B10: 30751712 | C10: Del Giudice | D10: Gianmarco | F10: gianmarco.delgiudice@correo.unimet.edu.ve,
A11: 10 | B11: 29551895 | C11: Giner | D11: Santiago | E11: Ricarte | F11: santiago.giner@correo.unimet.edu.ve,
A12: 11 | B12: 30906471 | C12: Gonzalez | D12: Eduardo | E12: Andres | F12: g.eduardo@correo.unimet.edu.ve,
A13: 12 | B13: 31935772 | C13: Guzzo | D13: Antonio | E13: Alfredo | F13: antonio.guzzo@correo.unimet.edu.ve,
A14: 13 | B14: 30062942 | C14: Hernandez | D14: Gabriel | E14: Alejandro | F14: gabriel-hernandez@correo.unimet.edu.ve,
A15: 14 | B15: 26794618 | C15: Hurtado | D15: Kelvin | E15: Enrique | F15: h.kelvin@correo.unimet.edu.ve,
A16: 15 | B16: 29780609 | C16: Loynaz | D16: Alexandra | E16: Eugenia | F16: alexandra.loynaz@correo.unimet.edu.ve,
A17: 16 | B17: 31894531 | C17: Lynch | D17: Corina | E17: Beatriz | F17: c.lynch@correo.unimet.edu.ve,
A18: 17 | B18: 25991576 | C18: Martens | D18: Alejandro | E18: Andres | F18: alejandro.martens@correo.unimet.edu.ve,
A19: 18 | B19: 31985260 | C19: Mendez | D19: Nicolas | E19: Eduardo | F19: n.mendez@correo.unimet.edu.ve,
A20: 19 | B20: 29965751 | C20: Méndez | D20: Sebastián | E20: Andrés | F20: sebastian.mendez@correo.unimet.edu.ve,
A21: 20 | B21: 29678527 | C21: Pareles | D21: Andrea | E21: Patricia | F21: andrea.pareles@correo.unimet.edu.ve,
A22: 21 | B22: 31307375 | C22: Perez | D22: Gabriel | E22: Alejandro | F22: perez.gabriel@correo.unimet.edu.ve,
A23: 22 | B23: 30845922 | C23: Petit | D23: Nicolas | F23: npetit@correo.unimet.edu.ve,
A24: 23 | B24: 30513257 | C24: Quintero | D24: Alejandro | E24: Enrique | F24: alejandro.quintero@correo.unimet.edu.ve,
A25: 24 | B25: 30229939 | C25: Rodríguez | D25: Jesus | E25: Gabriel | F25: je.rodriguez@correo.unimet.edu.ve,
A26: 25 | B26: 31255343 | C26: Rojas | D26: Luciano | E26: Nicola | F26: luciano.rojas@correo.unimet.edu.ve,
A27: 26 | B27: 32121917 | C27: Salimbeni | D27: César | E27: Alexander | F27: cesar.salimbeni@correo.unimet.edu.ve,
A28: 27 | B28: 29625956 | C28: Schneider | D28: Jesús | E28: Alejandro | F28: jesus.schneider@correo.unimet.edu.ve,
A29: 28 | B29: 32122110 | C29: Silva | D29: Elva | E29: María | F29: elva.silva@correo.unimet.edu.ve,
A30: 29 | B30: 31101508 | C30: Sánchez | D30: Andrea | E30: Victoria | F30: s.andrea@correo.unimet.edu.ve,
A31: 30 | B31: 30715365 | C31: Yrady | D31: Richard | E31: Alejandro | F31: richard.yrady@correo.unimet.edu.ve,

Sheet Partic
A1: =Lista!A1 -> ID | B1: =Lista!B1 -> CEDULA | C1: Nombre de pila | D1: Nombre y apellido | E1: 45769 | F1: 45771 | G1: 45776 | H1: 45783 | I1: 45785 | J1: 45790 | K1: 45792 | L1: 45797 | M1: 45799 | N1: 45806 | O1: 45811 | P1: 45818 | Q1: 45820 | R1: 45825 | S1: 45827 | T1: 45834 | U1: 45839 | V1: 45846 | W1: Total
A2: =Lista!A2 -> 1 | B2: =Lista!B2 -> 31965501 | C2: =Lista!D2&" "&Lista!E2 -> Simon Rafael | D2: =Lista!D2&" "&Lista!C2 -> Simon Ananian | E2: 1 | G2: 1 | I2: 1 | J2: 2 | K2: 1 | L2: 1 | N2: 4 | O2: 1 | P2: 3 | R2: 2 | S2: 5 | T2: 3 | U2: 4 | V2: 7 | W2: =SUM(E2:V2) -> 36 | X2: =W2/(counta($E$1:$W$1)-1) -> 2
A3: =Lista!A3 -> 2 | B3: =Lista!B3 -> 30124773 | C3: =Lista!D3&" "&Lista!E3 -> Luis Angel | D3: =Lista!D3&" "&Lista!C3 -> Luis Arcia | E3: 1 | F3: 2 | G3: 1 | H3: 1 | I3: 1 | L3: 1 | N3: 4 | O3: 1 | P3: 2 | R3: 3 | S3: 6 | T3: 1 | U3: 1 | V3: 2 | W3: =SUM(E3:V3) -> 27 | X3: =W3/(counta($E$1:$W$1)-1) -> 1.5
A4: =Lista!A4 -> 3 | B4: =Lista!B4 -> 29947503 | C4: =Lista!D4&" "&Lista!E4 -> Daniel Antonio | D4: =Lista!D4&" "&Lista!C4 -> Daniel Calderon | W4: =SUM(E4:U4) -> 0 | X4: =W4/(counta($E$1:$W$1)-1) -> 0
A5: =Lista!A5 -> 4 | B5: =Lista!B5 -> 32491310 | C5: =Lista!D5&" "&Lista!E5 -> Elohym Joham | D5: =Lista!D5&" "&Lista!C5 -> Elohym Casais | E5: 1 | G5: 1 | I5: 1 | W5: =SUM(E5:U5) -> 3 | X5: =W5/(counta($E$1:$W$1)-1) -> 0.16666667
A6: =Lista!A6 -> 5 | B6: =Lista!B6 -> 30938650 | C6: =Lista!D6&" "&Lista!E6 -> Adolfo Alexander | D6: =Lista!D6&" "&Lista!C6 -> Adolfo Castillo | E6: 1 | F6: 1 | G6: 1 | W6: =SUM(E6:U6) -> 3 | X6: =W6/(counta($E$1:$W$1)-1) -> 0.16666667
A7: =Lista!A7 -> 6 | B7: =Lista!B7 -> 29756222 | C7: =Lista!D7&" "&Lista!E7 -> Isaac Israel | D7: =Lista!D7&" "&Lista!C7 -> Isaac Charco | W7: =SUM(E7:U7) -> 0 | X7: =W7/(counta($E$1:$W$1)-1) -> 0
A8: =Lista!A8 -> 7 | B8: =Lista!B8 -> 31979214 | C8: =Lista!D8&" "&Lista!E8 -> Jabrieliz Virginia | D8: =Lista!D8&" "&Lista!C8 -> Jabrieliz Cuello | E8: 1 | H8: 1 | I8: 1 | K8: 1 | L8: 1 | O8: 1 | Q8: 1 | R8: 1 | T8: 1 | V8: 2 | W8: =SUM(E8:V8) -> 11 | X8: =W8/(counta($E$1:$W$1)-1) -> 0.61111111
A9: =Lista!A9 -> 8 | B9: =Lista!B9 -> 31046379 | C9: =Lista!D9&" "&Lista!E9 -> Elizabeth Sarah Valentina | D9: =Lista!D9&" "&Lista!C9 -> Elizabeth De Michele | F9: 3 | G9: 1 | H9: 1 | I9: 1 | K9: 1 | L9: 1 | N9: ⚕️ | O9: ⚕️ | P9: ⚕️ | Q9: ⚕️ | R9: ⚕️ | S9: 6 | T9: 2 | U9: 2 | W9: =SUM(E9:U9) -> 18 | X9: =W9/(counta($E$1:$W$1)-1-5) -> 1.3846154
A10: =Lista!A10 -> 9 | B10: =Lista!B10 -> 30751712 | C10: =Lista!D10&" "&Lista!E10 -> Gianmarco | D10: =Lista!D10&" "&Lista!C10 -> Gianmarco Del Giudice | E10: 1 | F10: 3 | G10: 1 | H10: 1 | I10: 3 | J10: 1 | K10: 1 | N10: 4 | S10: 4 | U10: 2 | W10: =SUM(E10:U10) -> 21 | X10: =W10/(counta($E$1:$W$1)-1) -> 1.1666667
A11: =Lista!A11 -> 10 | B11: =Lista!B11 -> 29551895 | C11: =Lista!D11&" "&Lista!E11 -> Santiago Ricarte | D11: =Lista!D11&" "&Lista!C11 -> Santiago Giner | E11: 1 | F11: 3 | G11: 1 | H11: 1 | I11: 2 | J11: 2 | K11: 2 | L11: 1 | W11: =SUM(E11:U11) -> 13 | X11: =W11/(counta($E$1:$W$1)-1) -> 0.72222222
A12: =Lista!A12 -> 11 | B12: =Lista!B12 -> 30906471 | C12: =Lista!D12&" "&Lista!E12 -> Eduardo Andres | D12: =Lista!D12&" "&Lista!C12 -> Eduardo Gonzalez | W12: =SUM(E12:U12) -> 0 | X12: =W12/(counta($E$1:$W$1)-1) -> 0
A13: =Lista!A13 -> 12 | B13: =Lista!B13 -> 31935772 | C13: =Lista!D13&" "&Lista!E13 -> Antonio Alfredo | D13: =Lista!D13&" "&Lista!C13 -> Antonio Guzzo | W13: =SUM(E13:U13) -> 0 | X13: =W13/(counta($E$1:$W$1)-1) -> 0
A14: =Lista!A14 -> 13 | B14: =Lista!B14 -> 30062942 | C14: =Lista!D14&" "&Lista!E14 -> Gabriel Alejandro | D14: =Lista!D14&" "&Lista!C14 -> Gabriel Hernandez | W14: =SUM(E14:U14) -> 0 | X14: =W14/(counta($E$1:$W$1)-1) -> 0
A15: =Lista!A15 -> 14 | B15: =Lista!B15 -> 26794618 | C15: =Lista!D15&" "&Lista!E15 -> Kelvin Enrique | D15: =Lista!D15&" "&Lista!C15 -> Kelvin Hurtado | I15: 1 | O15: 1 | W15: =SUM(E15:U15) -> 2 | X15: =W15/(counta($E$1:$W$1)-1) -> 0.11111111
A16: =Lista!A16 -> 15 | B16: =Lista!B16 -> 29780609 | C16: =Lista!D16&" "&Lista!E16 -> Alexandra Eugenia | D16: =Lista!D16&" "&Lista!C16 -> Alexandra Loynaz | F16: 3 | H16: 1 | I16: 1 | J16: 2 | K16: 1 | M16: 1 | N16: 2 | O16: 1 | U16: 2 | V16: 1 | W16: =SUM(E16:V16) -> 15 | X16: =W16/(counta($E$1:$W$1)-1) -> 0.83333333
A17: =Lista!A17 -> 16 | B17: =Lista!B17 -> 31894531 | C17: =Lista!D17&" "&Lista!E17 -> Corina Beatriz | D17: =Lista!D17&" "&Lista!C17 -> Corina Lynch | E17: 1 | O17: 1 | T17: 1 | W17: =SUM(E17:U17) -> 3 | X17: =W17/(counta($E$1:$W$1)-1) -> 0.16666667
A18: =Lista!A18 -> 17 | B18: =Lista!B18 -> 25991576 | C18: =Lista!D18&" "&Lista!E18 -> Alejandro Andres | D18: =Lista!D18&" "&Lista!C18 -> Alejandro Martens | L18: 1 | W18: =SUM(E18:U18) -> 1 | X18: =W18/(counta($E$1:$W$1)-1) -> 0.055555556
A19: =Lista!A19 -> 18 | B19: =Lista!B19 -> 31985260 | C19: =Lista!D19&" "&Lista!E19 -> Nicolas Eduardo | D19: =Lista!D19&" "&Lista!C19 -> Nicolas Mendez | E19: 2 | I19: 1 | W19: =SUM(E19:U19) -> 3 | X19: =W19/(counta($E$1:$W$1)-1) -> 0.16666667
A20: =Lista!A20 -> 19 | B20: =Lista!B20 -> 29965751 | C20: =Lista!D20&" "&Lista!E20 -> Sebastián Andrés | D20: =Lista!D20&" "&Lista!C20 -> Sebastián Méndez | G20: 1 | H20: 1 | W20: =SUM(E20:U20) -> 2 | X20: =W20/(counta($E$1:$W$1)-1) -> 0.11111111
A21: =Lista!A21 -> 20 | B21: =Lista!B21 -> 29678527 | C21: =Lista!D21&" "&Lista!E21 -> Andrea Patricia | D21: =Lista!D21&" "&Lista!C21 -> Andrea Pareles | E21: ⚕️ | F21: ⚕️ | G21: ⚕️ | W21: =SUM(E21:U21) -> 0 | X21: =W21/(counta($H$1:$W$1)-1) -> 0
A22: =Lista!A22 -> 21 | B22: =Lista!B22 -> 31307375 | C22: =Lista!D22&" "&Lista!E22 -> Gabriel Alejandro | D22: =Lista!D22&" "&Lista!C22 -> Gabriel Perez | E22: 1 | O22: 1 | W22: =SUM(E22:U22) -> 2 | X22: =W22/(counta($E$1:$W$1)-1) -> 0.11111111
A23: =Lista!A23 -> 22 | B23: =Lista!B23 -> 30845922 | C23: =Lista!D23&" "&Lista!E23 -> Nicolas | D23: =Lista!D23&" "&Lista!C23 -> Nicolas Petit | W23: =SUM(E23:U23) -> 0 | X23: =W23/(counta($E$1:$W$1)-1) -> 0
A24: =Lista!A24 -> 23 | B24: =Lista!B24 -> 30513257 | C24: =Lista!D24&" "&Lista!E24 -> Alejandro Enrique | D24: =Lista!D24&" "&Lista!C24 -> Alejandro Quintero | W24: =SUM(E24:U24) -> 0 | X24: =W24/(counta($E$1:$W$1)-1) -> 0
A25: =Lista!A25 -> 24 | B25: =Lista!B25 -> 30229939 | C25: =Lista!D25&" "&Lista!E25 -> Jesus Gabriel | D25: =Lista!D25&" "&Lista!C25 -> Jesus Rodríguez | S25: 1 | W25: =SUM(E25:U25) -> 1 | X25: =W25/(counta($E$1:$W$1)-1) -> 0.055555556
A26: =Lista!A26 -> 25 | B26: =Lista!B26 -> 31255343 | C26: =Lista!D26&" "&Lista!E26 -> Luciano Nicola | D26: =Lista!D26&" "&Lista!C26 -> Luciano Rojas | E26: 1 | W26: =SUM(E26:U26) -> 1 | X26: =W26/(counta($E$1:$W$1)-1) -> 0.055555556
A27: =Lista!A27 -> 26 | B27: =Lista!B27 -> 32121917 | C27: =Lista!D27&" "&Lista!E27 -> César Alexander | D27: =Lista!D27&" "&Lista!C27 -> César Salimbeni | E27: 1 | F27: 3 | G27: 1 | K27: 1 | L27: 1 | W27: =SUM(E27:U27) -> 7 | X27: =W27/(counta($E$1:$W$1)-1) -> 0.38888889
A28: =Lista!A28 -> 27 | B28: =Lista!B28 -> 29625956 | C28: =Lista!D28&" "&Lista!E28 -> Jesús Alejandro | D28: =Lista!D28&" "&Lista!C28 -> Jesús Schneider | W28: =SUM(E28:U28) -> 0 | X28: =W28/(counta($E$1:$W$1)-1) -> 0
A29: =Lista!A29 -> 28 | B29: =Lista!B29 -> 32122110 | C29: =Lista!D29&" "&Lista!E29 -> Elva María | D29: =Lista!D29&" "&Lista!C29 -> Elva Silva | E29: 1 | W29: =SUM(E29:U29) -> 1 | X29: =W29/(counta($E$1:$W$1)-1) -> 0.055555556
A30: =Lista!A30 -> 29 | B30: =Lista!B30 -> 31101508 | C30: =Lista!D30&" "&Lista!E30 -> Andrea Victoria | D30: =Lista!D30&" "&Lista!C30 -> Andrea Sánchez | E30: 2 | G30: 1 | T30: 1 | W30: =SUM(E30:U30) -> 4 | X30: =W30/(counta($E$1:$W$1)-1) -> 0.22222222
A31: =Lista!A31 -> 30 | B31: =Lista!B31 -> 30715365 | C31: =Lista!D31&" "&Lista!E31 -> Richard Alejandro | D31: =Lista!D31&" "&Lista!C31 -> Richard Yrady | F31: 2 | N31: 3 | U31: 2 | W31: =SUM(E31:U31) -> 7 | X31: =W31/(counta($E$1:$W$1)-1) -> 0.38888889
D32: Total | E32: =SUM(E2:E31) -> 16 | F32: =SUM(F2:F31) -> 20 | G32: =SUM(G2:G31) -> 10 | H32: =SUM(H2:H31) -> 7 | I32: =SUM(I2:I31) -> 13 | J32: =SUM(J2:J31) -> 7 | K32: =SUM(K2:K31) -> 8 | L32: =SUM(L2:L31) -> 7 | ... U32: =SUM(U2:U31) -> 13 | W32: =SUM(E32:U32) -> 169 | X32: =AVERAGE(X2:X31) -> 0.3480057
